{"cameraMode":{"drawMode":0,"name":"Shaded","section":"Shading Mode"},"sceneLighting":true,"audioPlay":false,"sceneViewState":{"showFog":true,"showMaterialUpdate":false,"showSkybox":true,"showFlares":true,"showImageEffects":true,"showParticleSystems":true},"in2DMode":false,"pivot":{"x":-1.4389816522598267,"y":0.20374754071235658,"z":0.11982321739196778},"rotation":{"x":0.07193747162818909,"y":0.003592688124626875,"z":-0.0002590453950688243,"w":0.9974033832550049},"size":4.857760429382324,"orthographic":true}