{"cameraMode":{"drawMode":0,"name":"Shaded","section":"Shading Mode"},"sceneLighting":true,"audioPlay":false,"sceneViewState":{"showFog":true,"showMaterialUpdate":false,"showSkybox":true,"showFlares":true,"showImageEffects":true,"showParticleSystems":true},"in2DMode":false,"pivot":{"x":-0.36216259002685549,"y":-0.808768630027771,"z":-1.0754187107086182},"rotation":{"x":0.21054789423942567,"y":0.12163829058408737,"z":-0.02641293779015541,"w":0.9696275591850281},"size":6.597500324249268,"orthographic":true}