{"cameraMode":{"drawMode":0,"name":"Shaded","section":"Shading Mode"},"sceneLighting":true,"audioPlay":false,"sceneViewState":{"showFog":true,"showMaterialUpdate":false,"showSkybox":true,"showFlares":true,"showImageEffects":true,"showParticleSystems":true},"in2DMode":false,"pivot":{"x":0.0,"y":0.06291419267654419,"z":0.1382911205291748},"rotation":{"x":0.07193747162818909,"y":0.003592688124626875,"z":-0.0002590453950688243,"w":0.9974033832550049},"size":7.147912979125977,"orthographic":true}