{"cameraMode":{"drawMode":0,"name":"Shaded","section":"Shading Mode"},"sceneLighting":false,"audioPlay":false,"sceneViewState":{"showFog":true,"showMaterialUpdate":false,"showSkybox":false,"showFlares":true,"showImageEffects":true,"showParticleSystems":true},"in2DMode":false,"pivot":{"x":0.5025777816772461,"y":-0.4787248373031616,"z":5.163235664367676},"rotation":{"x":-0.0015000862767919899,"y":0.0005927517195232213,"z":5.869861752216821e-7,"w":-1.0000115633010865},"size":5.386188507080078,"orthographic":true}