{"cameraMode":{"drawMode":0,"name":"Shaded","section":"Shading Mode"},"sceneLighting":true,"audioPlay":false,"sceneViewState":{"showFog":true,"showMaterialUpdate":false,"showSkybox":true,"showFlares":true,"showImageEffects":true,"showParticleSystems":true},"in2DMode":false,"pivot":{"x":0.4272501468658447,"y":-0.650658369064331,"z":-0.9652237892150879},"rotation":{"x":0.03895074501633644,"y":-0.04495062679052353,"z":0.0017539695836603642,"w":0.9982287287712097},"size":0.5936578512191773,"orthographic":false}