{"cameraMode":{"drawMode":0,"name":"Shaded","section":"Shading Mode"},"sceneLighting":true,"audioPlay":false,"sceneViewState":{"showFog":true,"showMaterialUpdate":false,"showSkybox":true,"showFlares":true,"showImageEffects":true,"showParticleSystems":true},"in2DMode":false,"pivot":{"x":0.27481842041015627,"y":4.5224609375,"z":3.16796875},"rotation":{"x":-0.10025893896818161,"y":0.03789123520255089,"z":-0.0038200507406145336,"w":-0.9942417740821838},"size":6.8828229904174809,"orthographic":true}