{"cameraMode":{"drawMode":0,"name":"Shaded","section":"Shading Mode"},"sceneLighting":true,"audioPlay":false,"sceneViewState":{"showFog":true,"showMaterialUpdate":false,"showSkybox":true,"showFlares":true,"showImageEffects":true,"showParticleSystems":true},"in2DMode":false,"pivot":{"x":-0.123992919921875,"y":-1.863525390625,"z":2.474609375},"rotation":{"x":-0.3367737829685211,"y":0.009031390771269799,"z":-0.003232779912650585,"w":-0.9415509700775147},"size":3.185563325881958,"orthographic":true}