{"cameraMode":{"drawMode":0,"name":"Shaded","section":"Shading Mode"},"sceneLighting":true,"audioPlay":false,"sceneViewState":{"showFog":true,"showMaterialUpdate":false,"showSkybox":true,"showFlares":true,"showImageEffects":true,"showParticleSystems":true},"in2DMode":false,"pivot":{"x":-1.429931640625,"y":2.2552490234375,"z":-17.609375},"rotation":{"x":0.05544683337211609,"y":-0.029949018731713296,"z":0.0016639037057757378,"w":0.998012125492096},"size":8.671475410461426,"orthographic":true}