{"cameraMode":{"drawMode":0,"name":"Shaded","section":"Shading Mode"},"sceneLighting":true,"audioPlay":false,"sceneViewState":{"showFog":true,"showMaterialUpdate":false,"showSkybox":true,"showFlares":true,"showImageEffects":true,"showParticleSystems":true},"in2DMode":false,"pivot":{"x":0.4642162322998047,"y":-0.867919921875,"z":8.099609375},"rotation":{"x":0.13756227493286134,"y":-0.0014857391361147166,"z":0.00020634358224924654,"w":0.9904921650886536},"size":2.928900957107544,"orthographic":true}